<?xml version="1.0" encoding="utf-8"?>
<gallery modified="1351501038"><status>OK</status><folder><item id="348" content="天平山，素有红枫甲天下的美誉。深秋时节，漫山枫叶灿若红霞，银杏金黄夺目，一派层林尽染的美景。" image="gallery/gallery004.jpg" url="site:338" iscover="TRUE" image_modified="1351501038"/></folder><folder><item id="284" content="虎丘路是一条很小的街，却是“淘”婚纱的天堂。简约、唯美、清新、复古、温馨……相信总有一款适合你。" image="gallery/gallery007.jpg" url="shopping:276" iscover="TRUE" image_modified="1343048677"/></folder><folder><item id="35" content="平江路是苏州保存最完整的历史老街，小桥流水、枕河人家。时尚的咖啡馆、酒吧和店铺完美地融入其中。" image="gallery/gallery006.jpg" url="site:343" iscover="TRUE" image_modified="1329470424"/></folder><folder><item id="32" content="精细雅洁的苏州刺绣，一针一钱绣出画一样美的作品，人物山水无不体现江南水乡那细腻绵长的文化内涵。" image="gallery/gallery003.jpg" url="site:361" iscover="TRUE" image_modified="1329104660"/></folder><folder><item id="252" content="皮市街小食潘玉麟糖粥，白白小圆子替代了糯米粥，和着桂花赤豆糊搅拌均匀，放入口中丝丝甜蜜让人陶醉。" image="gallery/gallery002.jpg" url="restaurant:520" iscover="TRUE" image_modified="1340627061"/></folder><folder><item id="174" content="苏州评弹是一门古老优美的说唱艺术。两人持三弦抱琵琶，说噱金戈铁马扣人心弦，弹唱儿女情长妙趣横生。" image="gallery/gallery005.jpg" url="fun:283" iscover="TRUE" image_modified="1335265999"/></folder></gallery>
